{"accuracy": [0.933114767074585, 0.958688497543335, 0.9862294793128967, 0.9940983653068542, 0.9986885190010071, 0.9927868843078613, 0.9868852496147156, 0.9770491719245911, 0.9816393256187439, 0.9914754033088684, 0.9927868843078613, 0.9954098463058472, 0.9921311736106873, 0.9954098463058472, 0.9973770380020142, 0.9993442893028259, 0.9947540760040283, 0.9940983653068542, 0.9940983653068542, 0.9986885190010071, 0.9967213273048401, 0.9967213273048401, 0.9993442893028259, 0.9993442893028259, 0.9986885190010071, 1.0, 1.0, 1.0, 0.9993442893028259, 1.0, 0.9993442893028259, 0.9993442893028259, 1.0, 0.9993442893028259, 0.9986885190010071, 1.0, 1.0, 1.0, 0.9993442893028259, 0.9993442893028259, 0.9986885190010071, 0.9993442893028259, 0.9993442893028259, 0.9973770380020142, 0.9993442893028259, 1.0, 1.0, 1.0, 1.0, 0.9993442893028259, 1.0, 1.0, 1.0, 1.0, 0.9993442893028259, 1.0, 1.0, 1.0, 0.9993442893028259, 1.0, 1.0, 1.0, 0.9993442893028259, 1.0, 1.0, 1.0, 0.9993442893028259, 0.9993442893028259, 1.0, 1.0], "loss": [0.20120887458324432, 0.12821465730667114, 0.0479847677052021, 0.02889147400856018, 0.008950679562985897, 0.033832959830760956, 0.039793431758880615, 0.07986857742071152, 0.06016697734594345, 0.03426520526409149, 0.030566846951842308, 0.014156472869217396, 0.02350485324859619, 0.014545822516083717, 0.010108120739459991, 0.0029632432851940393, 0.011930211447179317, 0.020834188908338547, 0.012909154407680035, 0.0056126792915165424, 0.008184351958334446, 0.01199251227080822, 0.00244354410097003, 0.002878844039514661, 0.004801043309271336, 0.0006414167582988739, 0.0010356090497225523, 0.0012073309626430273, 0.002368203131482005, 0.0012689651921391487, 0.00207126815803349, 0.0027127773500978947, 0.0012687693815678358, 0.0021275291219353676, 0.002499080030247569, 0.0007220691186375916, 0.0007469829870387912, 0.000606283254455775, 0.001183710410259664, 0.0010823861230164766, 0.0048716203309595585, 0.0016121193766593933, 0.007772792596369982, 0.007456525694578886, 0.0020913889165967703, 0.0008766919490881264, 0.0006050816737115383, 0.0004933936288580298, 0.000657859374769032, 0.0016006478108465672, 0.0010086336405947804, 0.0004565326380543411, 0.0007372206309810281, 0.00039937495603226125, 0.0010712500661611557, 0.0004562383401207626, 0.00044924570829607546, 0.0003988448006566614, 0.0042414916679263115, 0.0004940095823258162, 0.0008961051353253424, 0.0004156702780164778, 0.0015112269902601838, 0.000685829552821815, 0.0006958202575333416, 0.0006246169796213508, 0.0019509291741997004, 0.0022817463614046574, 0.0007211649208329618, 0.0009767389856278896], "classes": ["A", "B", "C", "D", "L"], "detalhes_sinais": {"A": {"precision": 1.0, "recall": 1.0, "f1-score": 1.0, "support": 300.0}, "B": {"precision": 1.0, "recall": 1.0, "f1-score": 1.0, "support": 320.0}, "C": {"precision": 1.0, "recall": 1.0, "f1-score": 1.0, "support": 302.0}, "D": {"precision": 1.0, "recall": 1.0, "f1-score": 1.0, "support": 301.0}, "L": {"precision": 1.0, "recall": 1.0, "f1-score": 1.0, "support": 302.0}, "accuracy": 1.0, "macro avg": {"precision": 1.0, "recall": 1.0, "f1-score": 1.0, "support": 1525.0}, "weighted avg": {"precision": 1.0, "recall": 1.0, "f1-score": 1.0, "support": 1525.0}}}